{
    "categories":[
        {
            "name":"General",
            "fileName" : "general.json",
            "active":true
        },
        {
            "name":"Political",
            "fileName" : "political.json",
            "active":true
        },
        {
            "name":"Political(Fundraising)",
            "fileName" : "political-fundraising.json",
            "active":false
        },
        {
            "name":"Political(Awareness/Issue Messaging)",
            "fileName" : "political-awareness-issue-messaging.json",
            "active":false
        },
        {
            "name":"Political(Candiate Or Cause Campaign)",
            "fileName" : "political-candiate-or-cause-campaign.json",
            "active":false
        },
        {
            "name":"Political(Opposition Messaging)",
            "fileName" : "political-opposition-messaging.json",
            "active":false
        },
        {
            "name":"NotForProfit(fundraising)",
            "fileName" : "notforprofit-fundraising.json",
            "active":false
        },
        {
            "name":"NotForProfit(Mission/Program Update)",
            "fileName" : "notforprofit-mission-program-update.json",
            "active":false
        },
        {
            "name":"NotForProfit(Volunteer Sourcing)",
            "fileName" : "notforprofit-volunteer-sourcing.json",
            "active":false
        },
        {
            "name":"NotForProfit(Charity Event Invitations)",
            "fileName" : "notforprofit-charity-event-invitations.json",
            "active":false
        },
        {
            "name":"NotForProfit(Advocacy And Petition Messages)",
            "fileName" : "notforprofit-advocacy-and-petition-messages.json",
            "active":false
        }
    ]
}