[{
    "rule_id": "sender identification11",
    "rule_title": "Sender Identification Required",
    "rule_statement": "Every message must include an identifiable sender or brand name", 
    "detailed_description": "Recipients should immediately know who is contacting them. This is reinforced by TCPA requirements in the U.5. and similar identification rules in Canada. Transparency builds trust and is mandatory for compliance.", 
    "compliance_level": "mandatory", 
    "severity": "high",
    "active":true,
    "validation_criteria": [ 
        {
            "criterion": "clear_organization_name",
            "description": "Message contains clear organization/campaign/candidate name",
            "check_method": "Look for proper nouns identifying the sender organization"
        },
        {
            "criterion": "early_identification",
            "description": "Sender is identified within the first sentence",
            "check_method": "Verify sender. name appears in first 50 characters"
        },
        {
            "criterion": "no_ambiguous_pronouns",
            "description": "No ambiguous pronouns ('we 'us') without context",
            "check_method": "Flag pronouns that appear before sender identification"
        }
    ],
    "best_practices": [
        "Include sender name in first sentence",
        "Use full organization name, not just acronyms", 
        "Be consistent with sender identification across all messages", 
        "Avoid .generic terms like 'Team' without the organization name"
    ],
    "effective_examples": [
        {
            "text": "Hi Sam, it's Linda from Cleancoast Initiative. We're organizing a beach cleanup this Saturday H can you join us? Reply YES to confirm! ",
            "explanation": "Clearly names the sender organization CleanCoast Initiative, so the recipient immediately knows who it's from.",
            "compliance_score": 100
        }
    ],
    "ineffective_examples": [
        {
            "text": "Hi, don't miss out on this event tomorrow. Hope to see you there!", 
            "explanation": "No indication of who 'We Or the sender is O the recipient is left wondering which group or campaign sent this. ",
            "compliance_score": 0, 
            "violations": ["clear_organization_name", "early_identification"]
        }
    ]
}
]